<?xml version="1.0" encoding="UTF-8" ?>
<!DOCTYPE mapper PUBLIC "-//mybatis.org//DTD Mapper 3.0//EN" "http://mybatis.org/dtd/mybatis-3-mapper.dtd" >
<mapper namespace="cn.edu.dao.ShopOrderMapper" >
  <resultMap id="BaseResultMap" type="cn.edu.model.ShopOrder" >
    <constructor >
      <idArg column="order_id" jdbcType="BIGINT" javaType="java.lang.Long" />
      <arg column="user_id" jdbcType="BIGINT" javaType="java.lang.Long" />
      <arg column="order_status" jdbcType="INTEGER" javaType="java.lang.Integer" />
      <arg column="pay_status" jdbcType="INTEGER" javaType="java.lang.Integer" />
      <arg column="shipping_status" jdbcType="INTEGER" javaType="java.lang.Integer" />
      <arg column="goods_id" jdbcType="BIGINT" javaType="java.lang.Long" />
      <arg column="goods_number" jdbcType="INTEGER" javaType="java.lang.Integer" />
      <arg column="coupon_id" jdbcType="BIGINT" javaType="java.lang.Long" />
      <arg column="coupon_paid" jdbcType="DECIMAL" javaType="java.math.BigDecimal" />
      <arg column="add_time" jdbcType="TIMESTAMP" javaType="java.util.Date" />
      <arg column="confirm_time" jdbcType="TIMESTAMP" javaType="java.util.Date" />
      <arg column="pay_time" jdbcType="TIMESTAMP" javaType="java.util.Date" />
    </constructor>
  </resultMap>
  <sql id="Base_Column_List" >
    order_id, user_id, order_status, pay_status, shipping_status, goods_id, goods_number, 
    coupon_id, coupon_paid, add_time, confirm_time, pay_time
  </sql>
  <select id="selectByPrimaryKey" resultMap="BaseResultMap" parameterType="java.lang.Long" >
    select 
    <include refid="Base_Column_List" />
    from shop_order
    where order_id = #{orderId,jdbcType=BIGINT}
  </select>
  <delete id="deleteByPrimaryKey" parameterType="java.lang.Long" >
    delete from shop_order
    where order_id = #{orderId,jdbcType=BIGINT}
  </delete>
  <insert id="insert" parameterType="cn.edu.model.ShopOrder" >
    insert into shop_order (order_id, user_id, order_status, 
      pay_status, shipping_status, goods_id, 
      goods_number, coupon_id, coupon_paid, 
      add_time, confirm_time, pay_time
      )
    values (#{orderId,jdbcType=BIGINT}, #{userId,jdbcType=BIGINT}, #{orderStatus,jdbcType=INTEGER}, 
      #{payStatus,jdbcType=INTEGER}, #{shippingStatus,jdbcType=INTEGER}, #{goodsId,jdbcType=BIGINT}, 
      #{goodsNumber,jdbcType=INTEGER}, #{couponId,jdbcType=BIGINT}, #{couponPaid,jdbcType=DECIMAL}, 
      #{addTime,jdbcType=TIMESTAMP}, #{confirmTime,jdbcType=TIMESTAMP}, #{payTime,jdbcType=TIMESTAMP}
      )
  </insert>
  <insert id="insertSelective" parameterType="cn.edu.model.ShopOrder" >
    insert into shop_order
    <trim prefix="(" suffix=")" suffixOverrides="," >
      <if test="orderId != null" >
        order_id,
      </if>
      <if test="userId != null" >
        user_id,
      </if>
      <if test="orderStatus != null" >
        order_status,
      </if>
      <if test="payStatus != null" >
        pay_status,
      </if>
      <if test="shippingStatus != null" >
        shipping_status,
      </if>
      <if test="goodsId != null" >
        goods_id,
      </if>
      <if test="goodsNumber != null" >
        goods_number,
      </if>
      <if test="couponId != null" >
        coupon_id,
      </if>
      <if test="couponPaid != null" >
        coupon_paid,
      </if>
      <if test="addTime != null" >
        add_time,
      </if>
      <if test="confirmTime != null" >
        confirm_time,
      </if>
      <if test="payTime != null" >
        pay_time,
      </if>
    </trim>
    <trim prefix="values (" suffix=")" suffixOverrides="," >
      <if test="orderId != null" >
        #{orderId,jdbcType=BIGINT},
      </if>
      <if test="userId != null" >
        #{userId,jdbcType=BIGINT},
      </if>
      <if test="orderStatus != null" >
        #{orderStatus,jdbcType=INTEGER},
      </if>
      <if test="payStatus != null" >
        #{payStatus,jdbcType=INTEGER},
      </if>
      <if test="shippingStatus != null" >
        #{shippingStatus,jdbcType=INTEGER},
      </if>
      <if test="goodsId != null" >
        #{goodsId,jdbcType=BIGINT},
      </if>
      <if test="goodsNumber != null" >
        #{goodsNumber,jdbcType=INTEGER},
      </if>
      <if test="couponId != null" >
        #{couponId,jdbcType=BIGINT},
      </if>
      <if test="couponPaid != null" >
        #{couponPaid,jdbcType=DECIMAL},
      </if>
      <if test="addTime != null" >
        #{addTime,jdbcType=TIMESTAMP},
      </if>
      <if test="confirmTime != null" >
        #{confirmTime,jdbcType=TIMESTAMP},
      </if>
      <if test="payTime != null" >
        #{payTime,jdbcType=TIMESTAMP},
      </if>
    </trim>
  </insert>
  <update id="updateByPrimaryKeySelective" parameterType="cn.edu.model.ShopOrder" >
    update shop_order
    <set >
      <if test="userId != null" >
        user_id = #{userId,jdbcType=BIGINT},
      </if>
      <if test="orderStatus != null" >
        order_status = #{orderStatus,jdbcType=INTEGER},
      </if>
      <if test="payStatus != null" >
        pay_status = #{payStatus,jdbcType=INTEGER},
      </if>
      <if test="shippingStatus != null" >
        shipping_status = #{shippingStatus,jdbcType=INTEGER},
      </if>
      <if test="goodsId != null" >
        goods_id = #{goodsId,jdbcType=BIGINT},
      </if>
      <if test="goodsNumber != null" >
        goods_number = #{goodsNumber,jdbcType=INTEGER},
      </if>
      <if test="couponId != null" >
        coupon_id = #{couponId,jdbcType=BIGINT},
      </if>
      <if test="couponPaid != null" >
        coupon_paid = #{couponPaid,jdbcType=DECIMAL},
      </if>
      <if test="addTime != null" >
        add_time = #{addTime,jdbcType=TIMESTAMP},
      </if>
      <if test="confirmTime != null" >
        confirm_time = #{confirmTime,jdbcType=TIMESTAMP},
      </if>
      <if test="payTime != null" >
        pay_time = #{payTime,jdbcType=TIMESTAMP},
      </if>
    </set>
    where order_id = #{orderId,jdbcType=BIGINT}
  </update>
  <update id="updateByPrimaryKey" parameterType="cn.edu.model.ShopOrder" >
    update shop_order
    set user_id = #{userId,jdbcType=BIGINT},
      order_status = #{orderStatus,jdbcType=INTEGER},
      pay_status = #{payStatus,jdbcType=INTEGER},
      shipping_status = #{shippingStatus,jdbcType=INTEGER},
      goods_id = #{goodsId,jdbcType=BIGINT},
      goods_number = #{goodsNumber,jdbcType=INTEGER},
      coupon_id = #{couponId,jdbcType=BIGINT},
      coupon_paid = #{couponPaid,jdbcType=DECIMAL},
      add_time = #{addTime,jdbcType=TIMESTAMP},
      confirm_time = #{confirmTime,jdbcType=TIMESTAMP},
      pay_time = #{payTime,jdbcType=TIMESTAMP}
    where order_id = #{orderId,jdbcType=BIGINT}
  </update>
</mapper>