<?xml version="1.0" encoding="UTF-8" ?>
<!DOCTYPE mapper PUBLIC "-//mybatis.org//DTD Mapper 3.0//EN" "http://mybatis.org/dtd/mybatis-3-mapper.dtd" >
<mapper namespace="cn.edu.dao.ShopUserMapper" >
  <resultMap id="BaseResultMap" type="cn.edu.model.ShopUser" >
    <constructor >
      <idArg column="user_id" jdbcType="BIGINT" javaType="java.lang.Long" />
      <arg column="user_name" jdbcType="VARCHAR" javaType="java.lang.String" />
      <arg column="user_password" jdbcType="VARCHAR" javaType="java.lang.String" />
      <arg column="user_mobile" jdbcType="VARCHAR" javaType="java.lang.String" />
      <arg column="user_reg_time" jdbcType="TIMESTAMP" javaType="java.util.Date" />
      <arg column="user_money" jdbcType="DECIMAL" javaType="java.lang.Long" />
    </constructor>
  </resultMap>
  <sql id="Base_Column_List" >
    user_id, user_name, user_password, user_mobile, user_reg_time, user_money
  </sql>
  <select id="selectByPrimaryKey" resultMap="BaseResultMap" parameterType="java.lang.Long" >
    select 
    <include refid="Base_Column_List" />
    from shop_user
    where user_id = #{userId,jdbcType=BIGINT}
  </select>
  <delete id="deleteByPrimaryKey" parameterType="java.lang.Long" >
    delete from shop_user
    where user_id = #{userId,jdbcType=BIGINT}
  </delete>
  <insert id="insert" parameterType="cn.edu.model.ShopUser" >
    insert into shop_user (user_id, user_name, user_password, 
      user_mobile, user_reg_time, user_money
      )
    values (#{userId,jdbcType=BIGINT}, #{userName,jdbcType=VARCHAR}, #{userPassword,jdbcType=VARCHAR}, 
      #{userMobile,jdbcType=VARCHAR}, #{userRegTime,jdbcType=TIMESTAMP}, #{userMoney,jdbcType=DECIMAL}
      )
  </insert>
  <insert id="insertSelective" parameterType="cn.edu.model.ShopUser" >
    insert into shop_user
    <trim prefix="(" suffix=")" suffixOverrides="," >
      <if test="userId != null" >
        user_id,
      </if>
      <if test="userName != null" >
        user_name,
      </if>
      <if test="userPassword != null" >
        user_password,
      </if>
      <if test="userMobile != null" >
        user_mobile,
      </if>
      <if test="userRegTime != null" >
        user_reg_time,
      </if>
      <if test="userMoney != null" >
        user_money,
      </if>
    </trim>
    <trim prefix="values (" suffix=")" suffixOverrides="," >
      <if test="userId != null" >
        #{userId,jdbcType=BIGINT},
      </if>
      <if test="userName != null" >
        #{userName,jdbcType=VARCHAR},
      </if>
      <if test="userPassword != null" >
        #{userPassword,jdbcType=VARCHAR},
      </if>
      <if test="userMobile != null" >
        #{userMobile,jdbcType=VARCHAR},
      </if>
      <if test="userRegTime != null" >
        #{userRegTime,jdbcType=TIMESTAMP},
      </if>
      <if test="userMoney != null" >
        #{userMoney,jdbcType=DECIMAL},
      </if>
    </trim>
  </insert>
  <update id="updateByPrimaryKeySelective" parameterType="cn.edu.model.ShopUser" >
    update shop_user
    <set >
      <if test="userName != null" >
        user_name = #{userName,jdbcType=VARCHAR},
      </if>
      <if test="userPassword != null" >
        user_password = #{userPassword,jdbcType=VARCHAR},
      </if>
      <if test="userMobile != null" >
        user_mobile = #{userMobile,jdbcType=VARCHAR},
      </if>
      <if test="userRegTime != null" >
        user_reg_time = #{userRegTime,jdbcType=TIMESTAMP},
      </if>
      <if test="userMoney != null" >
        user_money = #{userMoney,jdbcType=DECIMAL},
      </if>
    </set>
    where user_id = #{userId,jdbcType=BIGINT}
  </update>
  <update id="updateByPrimaryKey" parameterType="cn.edu.model.ShopUser" >
    update shop_user
    set user_name = #{userName,jdbcType=VARCHAR},
      user_password = #{userPassword,jdbcType=VARCHAR},
      user_mobile = #{userMobile,jdbcType=VARCHAR},
      user_reg_time = #{userRegTime,jdbcType=TIMESTAMP},
      user_money = #{userMoney,jdbcType=DECIMAL}
    where user_id = #{userId,jdbcType=BIGINT}
  </update>
</mapper>